Node CEINST.1,Node CEINST.1,Node CEINST.1,Node CEINST.1,Node CEINST.1,Node CEINST.1,Node CEINST.2,Node CEINST.2,Node CEINST.2,Node CEINST.2,Node CEINST.2,Node CEINST.2,Node CEINST.5,Node CEINST.5,Node CEINST.5,Node CEINST.5,Node CEINST.5,Node CEINST.5,Node CEINST.6,Node CEINST.6,Node CEINST.6,Node CEINST.6,Node CEINST.6,Node CEINST.6
RF,RF,RF,U,U,U,RF,RF,RF,U,U,U,RF,RF,RF,U,U,U,RF,RF,RF,U,U,U
1,2,3,1,2,3,1,2,3,1,2,3,1,2,3,1,2,3,1,2,3,1,2,3
-0.0,-0.0,-0.0,0.0,0.0,0.0,-0.0,-0.0,-0.0,0.0,0.0,0.0,-0.0,-0.0,-0.0,0.0,0.0,0.0,-0.0,-0.0,-0.0,0.0,0.0,0.0
-0.0,0.0,0.247623816132545,0.0,0.0,0.0199999995529652,-0.0,0.0,0.247623816132545,0.0,0.0,0.0199999995529652,-0.0,-0.0,0.247623816132545,0.0,0.0,0.0199999995529652,-0.0,-0.0,0.247623816132545,0.0,0.0,0.0199999995529652
-0.0,9.93164457188603e-38,0.245122566819191,0.0,0.0,0.0399999991059303,-0.0,4.82113261430762e-38,0.245122566819191,0.0,0.0,0.0399999991059303,-0.0,-9.93164457188603e-38,0.245122566819191,0.0,0.0,0.0399999991059303,-0.0,-4.82113261430762e-38,0.245122566819191,0.0,0.0,0.0399999991059303
0.0,0.0,0.242621317505836,0.0,0.0,0.0599999986588955,-0.0,0.0,0.242621317505836,0.0,0.0,0.0599999986588955,0.0,0.0,0.242621317505836,0.0,0.0,0.0599999986588955,-0.0,0.0,0.242621317505836,0.0,0.0,0.0599999986588955
0.0,-0.0,0.240120053291321,0.0,0.0,0.0799999982118607,0.0,0.0,0.240120053291321,0.0,0.0,0.0799999982118607,0.0,0.0,0.240120053291321,0.0,0.0,0.0799999982118607,0.0,0.0,0.240120053291321,0.0,0.0,0.0799999982118607
-0.0,9.62761459711878e-37,0.237618803977966,0.0,0.0,0.100000001490116,-0.0,4.67354696321391e-37,0.237618803977966,0.0,0.0,0.100000001490116,-0.0,-9.62761459711878e-37,0.237618803977966,0.0,0.0,0.100000001490116,-0.0,-4.67354696321391e-37,0.237618803977966,0.0,0.0,0.100000001490116
0.0,0.0,0.235117554664612,0.0,0.0,0.119999997317791,0.0,0.0,0.235117554664612,0.0,0.0,0.119999997317791,0.0,0.0,0.235117554664612,0.0,0.0,0.119999997317791,0.0,0.0,0.235117554664612,0.0,0.0,0.119999997317791
-0.0,1.42303980057541e-36,0.232616305351257,0.0,0.0,0.140000000596046,-0.0,1.02697509863971e-36,0.232616305351257,0.0,0.0,0.140000000596046,-0.0,-1.42303980057541e-36,0.232616305351257,0.0,0.0,0.140000000596046,-0.0,-1.02697509863971e-36,0.232616305351257,0.0,0.0,0.140000000596046
-0.0,9.36561135695867e-38,0.230115056037903,0.0,0.0,0.159999996423721,-0.0,3.49529373597506e-37,0.230115056037903,0.0,0.0,0.159999996423721,-0.0,-9.36561135695867e-38,0.230115056037903,0.0,0.0,0.159999996423721,-0.0,-3.49529373597506e-37,0.230115056037903,0.0,0.0,0.159999996423721
0.0,-0.0,0.227613806724548,0.0,0.0,0.180000007152557,0.0,-0.0,0.227613806724548,0.0,0.0,0.180000007152557,0.0,-0.0,0.227613806724548,0.0,0.0,0.180000007152557,0.0,-0.0,0.227613806724548,0.0,0.0,0.180000007152557
0.0,0.0,0.225112557411194,0.0,0.0,0.200000002980232,-0.0,0.0,0.225112557411194,0.0,0.0,0.200000002980232,0.0,0.0,0.225112557411194,0.0,0.0,0.200000002980232,0.0,0.0,0.225112557411194,0.0,0.0,0.200000002980232
-0.0,1.24577899763773e-37,0.222611308097839,0.0,0.0,0.219999998807907,-0.0,4.64931055339046e-37,0.222611308097839,0.0,0.0,0.219999998807907,-0.0,-1.24577899763773e-37,0.222611308097839,0.0,0.0,0.219999998807907,-0.0,-4.64931055339046e-37,0.222611308097839,0.0,0.0,0.219999998807907
-0.0,1.34376159779515e-37,0.220110058784485,0.0,0.0,0.239999994635582,-0.0,5.01498667440803e-37,0.220110058784485,0.0,0.0,0.239999994635582,-0.0,-1.34376159779515e-37,0.220110058784485,0.0,0.0,0.239999994635582,-0.0,-5.01498667440803e-37,0.220110058784485,0.0,0.0,0.239999994635582
-2.40741243048404e-35,9.88914253926057e-36,0.21760880947113,0.0,0.0,0.259999990463257,-9.62964972193618e-35,7.13676671264271e-36,0.21760880947113,0.0,0.0,0.259999990463257,-9.62964972193618e-35,-9.88914253926057e-36,0.21760880947113,0.0,0.0,0.259999990463257,-3.85185988877447e-34,-7.13676671264271e-36,0.21760880947113,0.0,0.0,0.259999990463257
-0.0,1.53209185145307e-37,0.215107560157776,0.0,0.0,0.280000001192093,0.0,5.71784435295022e-37,0.215107560157776,0.0,0.0,0.280000001192093,-0.0,-1.53209185145307e-37,0.215107560157776,0.0,0.0,0.280000001192093,0.0,-5.71784435295022e-37,0.215107560157776,0.0,0.0,0.280000001192093
-0.0,1.03370177968398e-35,0.21260629594326,0.0,0.0,0.300000011920929,-0.0,5.01791375148187e-36,0.21260629594326,0.0,0.0,0.300000011920929,-0.0,-1.03370177968398e-35,0.21260629594326,0.0,0.0,0.300000011920929,-0.0,-5.01791375148187e-36,0.21260629594326,0.0,0.0,0.300000011920929
0.0,6.84096825652499e-37,0.210105046629906,0.0,0.0,0.319999992847443,0.0,2.55308401101105e-36,0.210105046629906,0.0,0.0,0.319999992847443,-0.0,-6.84096825652499e-37,0.210105046629906,0.0,0.0,0.319999992847443,-0.0,-2.55308401101105e-36,0.210105046629906,0.0,0.0,0.319999992847443
-0.0,2.87279942574391e-36,0.207603797316551,0.0,0.0,0.340000003576279,-0.0,1.07214332916442e-35,0.207603797316551,0.0,0.0,0.340000003576279,-0.0,-2.87279942574391e-36,0.207603797316551,0.0,0.0,0.340000003576279,-0.0,-1.07214332916442e-35,0.207603797316551,0.0,0.0,0.340000003576279
-0.0,7.51284894331868e-37,0.205102548003197,0.0,0.0,0.360000014305115,-0.0,2.80383347925611e-36,0.205102548003197,0.0,0.0,0.360000014305115,-0.0,-7.51284894331868e-37,0.205102548003197,0.0,0.0,0.360000014305115,-0.0,-2.80383347925611e-36,0.205102548003197,0.0,0.0,0.360000014305115
0.0,-0.0,0.202601298689842,0.0,0.0,0.379999995231628,0.0,-0.0,0.202601298689842,0.0,0.0,0.379999995231628,0.0,-0.0,0.202601298689842,0.0,0.0,0.379999995231628,0.0,-0.0,0.202601298689842,0.0,0.0,0.379999995231628
0.0,0.0,0.200100049376488,0.0,0.0,0.400000005960464,0.0,0.0,0.200100049376488,0.0,0.0,0.400000005960464,0.0,0.0,0.200100049376488,0.0,0.0,0.400000005960464,0.0,0.0,0.200100049376488,0.0,0.0,0.400000005960464
-0.0,5.3801136657938e-35,0.197598800063133,0.0,0.0,0.419999986886978,-0.0,2.61167638486975e-35,0.197598800063133,0.0,0.0,0.419999986886978,-0.0,-5.3801136657938e-35,0.197598800063133,0.0,0.0,0.419999986886978,-0.0,-2.61167638486975e-35,0.197598800063133,0.0,0.0,0.419999986886978
0.0,8.7344507219801e-37,0.195097550749779,0.0,0.0,0.439999997615814,0.0,3.25974111415747e-36,0.195097550749779,0.0,0.0,0.439999997615814,0.0,-8.7344507219801e-37,0.195097550749779,0.0,0.0,0.439999997615814,0.0,-3.25974111415747e-36,0.195097550749779,0.0,0.0,0.439999997615814
0.0,-0.0,0.192596301436424,0.0,0.0,0.46000000834465,0.0,-0.0,0.192596301436424,0.0,0.0,0.46000000834465,0.0,-0.0,0.192596301436424,0.0,0.0,0.46000000834465,0.0,-0.0,0.192596301436424,0.0,0.0,0.46000000834465
0.0,9.28417136543231e-37,0.19009505212307,0.0,0.0,0.479999989271164,0.0,3.46489981891239e-36,0.19009505212307,0.0,0.0,0.479999989271164,0.0,-9.28417136543231e-37,0.19009505212307,0.0,0.0,0.479999989271164,0.0,-3.46489981891239e-36,0.19009505212307,0.0,0.0,0.479999989271164
-0.0,6.08059867026034e-35,0.187593802809715,0.0,0.0,0.5,-0.0,2.9517139545784e-35,0.187593802809715,0.0,0.0,0.5,-0.0,-6.08059867026034e-35,0.187593802809715,0.0,0.0,0.5,-0.0,-2.9517139545784e-35,0.187593802809715,0.0,0.0,0.5
7.22223729145213e-35,6.72916390300211e-35,0.185092553496361,0.0,0.0,0.519999980926514,3.85185988877447e-34,4.85628284776491e-35,0.185092553496361,0.0,0.0,0.519999980926514,-0.0,-6.72916390300211e-35,0.185092553496361,0.0,0.0,0.519999980926514,9.62964972193618e-35,-4.85628284776491e-35,0.185092553496361,0.0,0.0,0.519999980926514
-0.0,7.59581375832952e-35,0.182591289281845,0.0,0.0,0.540000021457672,-0.0,7.59581375832952e-35,0.182591289281845,0.0,0.0,0.540000021457672,-0.0,-7.59581375832952e-35,0.182591289281845,0.0,0.0,0.540000021457672,-0.0,-7.59581375832952e-35,0.182591289281845,0.0,0.0,0.540000021457672
9.62964972193618e-35,7.05093252266568e-35,0.180090039968491,0.0,0.0,0.560000002384186,4.81482486096809e-34,5.08849578746261e-35,0.180090039968491,0.0,0.0,0.560000002384186,9.62964972193618e-35,-7.05093252266568e-35,0.180090039968491,0.0,0.0,0.560000002384186,4.81482486096809e-34,-5.08849578746261e-35,0.180090039968491,0.0,0.0,0.560000002384186
-0.0,7.93494674840101e-35,0.177588790655136,0.0,0.0,0.579999983310699,-0.0,7.93494674840101e-35,0.177588790655136,0.0,0.0,0.579999983310699,-0.0,-7.93494674840101e-35,0.177588790655136,0.0,0.0,0.579999983310699,-0.0,-7.93494674840101e-35,0.177588790655136,0.0,0.0,0.579999983310699
0.0,-0.0,0.175087541341782,0.0,0.0,0.600000023841858,0.0,-0.0,0.175087541341782,0.0,0.0,0.600000023841858,0.0,-0.0,0.175087541341782,0.0,0.0,0.600000023841858,0.0,-0.0,0.175087541341782,0.0,0.0,0.600000023841858
-0.0,6.93674713660209e-35,0.172586292028427,0.0,0.0,0.620000004768372,-0.0,3.36731520545546e-35,0.172586292028427,0.0,0.0,0.620000004768372,-0.0,-6.93674713660209e-35,0.172586292028427,0.0,0.0,0.620000004768372,-0.0,-3.36731520545546e-35,0.172586292028427,0.0,0.0,0.620000004768372
0.0,0.0,0.170085042715073,0.0,0.0,0.639999985694885,0.0,0.0,0.170085042715073,0.0,0.0,0.639999985694885,0.0,0.0,0.170085042715073,0.0,0.0,0.639999985694885,0.0,0.0,0.170085042715073,0.0,0.0,0.639999985694885
-0.0,-0.0,0.167583793401718,0.0,0.0,0.660000026226044,-0.0,0.0,0.167583793401718,0.0,0.0,0.660000026226044,-0.0,-0.0,0.167583793401718,0.0,0.0,0.660000026226044,-0.0,0.0,0.167583793401718,0.0,0.0,0.660000026226044
0.0,4.56878938766195e-36,0.165082544088364,0.0,0.0,0.680000007152557,0.0,1.70509545136211e-35,0.165082544088364,0.0,0.0,0.680000007152557,0.0,-4.56878938766195e-36,0.165082544088364,0.0,0.0,0.680000007152557,0.0,-1.70509545136211e-35,0.165082544088364,0.0,0.0,0.680000007152557
-1.92592994438724e-34,2.95111736823648e-34,0.162581294775009,0.0,0.0,0.699999988079071,-4.81482486096809e-35,1.43256520782565e-34,0.162581294775009,0.0,0.0,0.699999988079071,1.92592994438724e-34,-2.95111736823648e-34,0.162581294775009,0.0,0.0,0.699999988079071,4.81482486096809e-35,-1.43256520782565e-34,0.162581294775009,0.0,0.0,0.699999988079071
-1.92592994438724e-34,2.98873594252768e-34,0.160080045461655,0.0,0.0,0.720000028610229,-4.81482486096809e-35,1.45082646664793e-34,0.160080045461655,0.0,0.0,0.720000028610229,1.92592994438724e-34,-2.98873594252768e-34,0.160080045461655,0.0,0.0,0.720000028610229,9.62964972193618e-35,-1.45082646664793e-34,0.160080045461655,0.0,0.0,0.720000028610229
-0.0,1.89836870575919e-35,0.1575787961483,0.0,0.0,0.740000009536743,-0.0,7.08480834131096e-35,0.1575787961483,0.0,0.0,0.740000009536743,-0.0,-1.89836870575919e-35,0.1575787961483,0.0,0.0,0.740000009536743,-0.0,-7.08480834131096e-35,0.1575787961483,0.0,0.0,0.740000009536743
-0.0,4.79682158814354e-36,0.155077531933784,0.0,0.0,0.759999990463257,-0.0,1.79019825770802e-35,0.155077531933784,0.0,0.0,0.759999990463257,-0.0,-4.79682158814354e-36,0.155077531933784,0.0,0.0,0.759999990463257,-0.0,-1.79019825770802e-35,0.155077531933784,0.0,0.0,0.759999990463257
0.0,4.84364979907116e-36,0.15257628262043,0.0,0.0,0.779999971389771,0.0,1.80767469611985e-35,0.15257628262043,0.0,0.0,0.779999971389771,0.0,-4.84364979907116e-36,0.15257628262043,0.0,0.0,0.779999971389771,0.0,-1.80767469611985e-35,0.15257628262043,0.0,0.0,0.779999971389771
-0.0,0.0,0.150075033307076,0.0,0.0,0.800000011920929,-0.0,0.0,0.150075033307076,0.0,0.0,0.800000011920929,-0.0,0.0,0.150075033307076,0.0,0.0,0.800000011920929,-0.0,0.0,0.150075033307076,0.0,0.0,0.800000011920929
0.0,4.92508994754296e-36,0.147573783993721,0.0,0.0,0.819999992847443,0.0,1.83806851453111e-35,0.147573783993721,0.0,0.0,0.819999992847443,0.0,-4.92508994754296e-36,0.147573783993721,0.0,0.0,0.819999992847443,0.0,-1.83806851453111e-35,0.147573783993721,0.0,0.0,0.819999992847443
-1.92592994438724e-34,3.15996552100166e-34,0.145072534680367,0.0,0.0,0.839999973773956,-9.62964972193618e-35,1.53394665942616e-34,0.145072534680367,0.0,0.0,0.839999973773956,1.92592994438724e-34,-3.15996552100166e-34,0.145072534680367,0.0,0.0,0.839999973773956,4.81482486096809e-35,-1.53394665942616e-34,0.145072534680367,0.0,0.0,0.839999973773956
-1.92592994438724e-34,3.17942362592761e-34,0.142571285367012,0.0,0.0,0.860000014305115,-9.62964972193618e-35,1.54339216979475e-34,0.142571285367012,0.0,0.0,0.860000014305115,1.92592994438724e-34,-3.17942362592761e-34,0.142571285367012,0.0,0.0,0.860000014305115,4.81482486096809e-35,-1.54339216979475e-34,0.142571285367012,0.0,0.0,0.860000014305115
0.0,5.01670984552442e-36,0.140070036053658,0.0,0.0,0.879999995231628,0.0,1.87226159611702e-35,0.140070036053658,0.0,0.0,0.879999995231628,0.0,-5.01670984552442e-36,0.140070036053658,0.0,0.0,0.879999995231628,0.0,-1.87226159611702e-35,0.140070036053658,0.0,0.0,0.879999995231628
-0.0,0.0,0.137568786740303,0.0,0.0,0.899999976158142,-0.0,0.0,0.137568786740303,0.0,0.0,0.899999976158142,-0.0,0.0,0.137568786740303,0.0,0.0,0.899999976158142,-0.0,0.0,0.137568786740303,0.0,0.0,0.899999976158142
0.0,5.05742991976032e-36,0.135067537426949,0.0,0.0,0.920000016689301,0.0,1.88745864881562e-35,0.135067537426949,0.0,0.0,0.920000016689301,-0.0,-5.05742991976032e-36,0.135067537426949,0.0,0.0,0.920000016689301,-0.0,-1.88745864881562e-35,0.135067537426949,0.0,0.0,0.920000016689301
-0.0,5.07168199955274e-36,0.132566288113594,0.0,0.0,0.939999997615814,-0.0,1.89277750246576e-35,0.132566288113594,0.0,0.0,0.939999997615814,-0.0,-5.07168199955274e-36,0.132566288113594,0.0,0.0,0.939999997615814,-0.0,-1.89277750246576e-35,0.132566288113594,0.0,0.0,0.939999997615814
-0.0,5.08186210779482e-36,0.13006503880024,0.0,0.0,0.959999978542328,-0.0,1.8965767656404e-35,0.13006503880024,0.0,0.0,0.959999978542328,-0.0,-5.08186210779482e-36,0.13006503880024,0.0,0.0,0.959999978542328,-0.0,-1.8965767656404e-35,0.13006503880024,0.0,0.0,0.959999978542328
-1.92592994438724e-34,3.24168878108895e-34,0.127563774585724,0.0,0.0,0.980000019073486,-4.81482486096809e-35,1.57361775705649e-34,0.127563774585724,0.0,0.0,0.980000019073486,1.92592994438724e-34,-3.24168878108895e-34,0.127563774585724,0.0,0.0,0.980000019073486,4.81482486096809e-35,-1.57361775705649e-34,0.127563774585724,0.0,0.0,0.980000019073486
0.0,5.09000605089552e-36,0.125062525272369,0.0,0.0,1.0,0.0,1.89961609008435e-35,0.125062525272369,0.0,0.0,1.0,0.0,-5.09000605089552e-36,0.125062525272369,0.0,0.0,1.0,0.0,-1.89961609008435e-35,0.125062525272369,0.0,0.0,1.0
0.0,5.08797024448655e-36,0.122561283409595,0.0,0.0,1.01999998092651,0.0,1.8988562948466e-35,0.122561283409595,0.0,0.0,1.01999998092651,0.0,-5.08797024448655e-36,0.122561283409595,0.0,0.0,1.01999998092651,0.0,-1.8988562948466e-35,0.122561283409595,0.0,0.0,1.01999998092651
-2.40741243048404e-34,3.49189045777407e-34,0.12006002664566,0.0,0.0,1.03999996185303,-2.40741243048404e-34,2.52001698327565e-34,0.12006002664566,0.0,0.0,1.03999996185303,2.40741243048404e-34,-3.49189045777407e-34,0.12006002664566,0.0,0.0,1.03999996185303,1.44444745829043e-34,-2.52001698327565e-34,0.12006002664566,0.0,0.0,1.03999996185303
0.0,2.0286727998211e-35,0.117558777332306,0.0,0.0,1.05999994277954,0.0,7.57111000986303e-35,0.117558777332306,0.0,0.0,1.05999994277954,0.0,-2.0286727998211e-35,0.117558777332306,0.0,0.0,1.05999994277954,0.0,-7.57111000986303e-35,0.117558777332306,0.0,0.0,1.05999994277954
-1.92592994438724e-34,3.22223090575174e-34,0.115057528018951,0.0,0.0,1.08000004291534,-4.81482486096809e-35,1.5641722466879e-34,0.115057528018951,0.0,0.0,1.08000004291534,1.92592994438724e-34,-3.22223090575174e-34,0.115057528018951,0.0,0.0,1.08000004291534,4.81482486096809e-35,-1.5641722466879e-34,0.115057528018951,0.0,0.0,1.08000004291534
-2.40741243048404e-34,3.46251159378691e-34,0.112556278705597,0.0,0.0,1.10000002384186,2.40741243048404e-34,2.49881492227765e-34,0.112556278705597,0.0,0.0,1.10000002384186,2.40741243048404e-35,-3.46251159378691e-34,0.112556278705597,0.0,0.0,1.10000002384186,4.81482486096809e-34,-2.49881492227765e-34,0.112556278705597,0.0,0.0,1.10000002384186
-2.40741243048404e-34,3.44712249010697e-34,0.110055029392242,0.0,0.0,1.12000000476837,2.40741243048404e-34,2.48770902613852e-34,0.110055029392242,0.0,0.0,1.12000000476837,2.16667118743564e-34,-3.44712249010697e-34,0.110055029392242,0.0,0.0,1.12000000476837,5.2963073470649e-34,-2.48770902613852e-34,0.110055029392242,0.0,0.0,1.12000000476837
-2.40741243048404e-34,3.77825259066014e-34,0.107553780078888,0.0,0.0,1.13999998569489,-2.40741243048404e-34,3.77825259066014e-34,0.107553780078888,0.0,0.0,1.13999998569489,-0.0,-3.77825259066014e-34,0.107553780078888,0.0,0.0,1.13999998569489,-0.0,-3.77825259066014e-34,0.107553780078888,0.0,0.0,1.13999998569489
-0.0,0.0,0.105052523314953,0.0,0.0,1.1599999666214,-0.0,0.0,0.105052523314953,0.0,0.0,1.1599999666214,-0.0,-0.0,0.105052523314953,0.0,0.0,1.1599999666214,-0.0,-0.0,0.105052523314953,0.0,0.0,1.1599999666214
0.0,4.92508994754296e-36,0.102551274001598,0.0,0.0,1.17999994754791,0.0,1.83806851453111e-35,0.102551274001598,0.0,0.0,1.17999994754791,0.0,-4.92508994754296e-36,0.102551274001598,0.0,0.0,1.17999994754791,0.0,-1.83806851453111e-35,0.102551274001598,0.0,0.0,1.17999994754791
-2.40741243048404e-35,1.95456227188641e-35,0.100050024688244,0.0,0.0,1.20000004768372,0.0,7.29452617622475e-35,0.100050024688244,0.0,0.0,1.20000004768372,0.0,-1.95456227188641e-35,0.100050024688244,0.0,0.0,1.20000004768372,0.0,-7.29452617622475e-35,0.100050024688244,0.0,0.0,1.20000004768372
-2.16667118743564e-34,3.08602554880249e-34,0.0975487753748894,0.0,0.0,1.22000002861023,-4.81482486096809e-35,1.49805390369651e-34,0.0975487753748894,0.0,0.0,1.22000002861023,2.40741243048404e-35,-3.08602554880249e-34,0.0975487753748894,0.0,0.0,1.22000002861023,4.81482486096809e-35,-1.49805390369651e-34,0.0975487753748894,0.0,0.0,1.22000002861023
-2.40741243048404e-35,1.91872863525741e-35,0.0950475260615349,0.0,0.0,1.24000000953674,0.0,7.16079303083208e-35,0.0950475260615349,0.0,0.0,1.24000000953674,2.40741243048404e-35,-1.91872863525741e-35,0.0950475260615349,0.0,0.0,1.24000000953674,-0.0,-7.16079303083208e-35,0.0950475260615349,0.0,0.0,1.24000000953674
-2.16667118743564e-34,3.02376016405241e-34,0.0925462767481804,0.0,0.0,1.25999999046326,-4.81482486096809e-35,1.46782831643477e-34,0.0925462767481804,0.0,0.0,1.25999999046326,9.62964972193618e-35,-3.02376016405241e-34,0.0925462767481804,0.0,0.0,1.25999999046326,4.81482486096809e-35,-1.46782831643477e-34,0.0925462767481804,0.0,0.0,1.25999999046326
0.0,-0.0,0.0900450199842453,0.0,0.0,1.27999997138977,0.0,-0.0,0.0900450199842453,0.0,0.0,1.27999997138977,0.0,-0.0,0.0900450199842453,0.0,0.0,1.27999997138977,0.0,-0.0,0.0900450199842453,0.0,0.0,1.27999997138977
-4.81482486096809e-35,7.41104877566556e-35,0.0875437706708908,0.0,0.0,1.29999995231628,-1.92592994438724e-34,2.76584109144766e-34,0.0875437706708908,0.0,0.0,1.29999995231628,4.81482486096809e-35,-7.41104877566556e-35,0.0875437706708908,0.0,0.0,1.29999995231628,9.62964972193618e-35,-2.76584109144766e-34,0.0875437706708908,0.0,0.0,1.29999995231628
-2.16667118743564e-33,1.16436168463603e-33,0.0850425213575363,0.0,0.0,1.32000005245209,-9.62964972193618e-34,5.65217815987177e-34,0.0850425213575363,0.0,0.0,1.32000005245209,1.37222508537591e-33,-1.16436168463603e-33,0.0850425213575363,0.0,0.0,1.32000005245209,1.44444745829043e-34,-5.65217815987177e-34,0.0850425213575363,0.0,0.0,1.32000005245209
-0.0,0.0,0.0825412720441818,0.0,0.0,1.3400000333786,-0.0,0.0,0.0825412720441818,0.0,0.0,1.3400000333786,-0.0,-0.0,0.0825412720441818,0.0,0.0,1.3400000333786,-0.0,-0.0,0.0825412720441818,0.0,0.0,1.3400000333786
-4.81482486096809e-35,7.08854604600459e-35,0.0800400227308273,0.0,0.0,1.36000001430511,-9.62964972193618e-35,2.64548149018299e-34,0.0800400227308273,0.0,0.0,1.36000001430511,2.40741243048404e-35,-7.08854604600459e-35,0.0800400227308273,0.0,0.0,1.36000001430511,1.92592994438724e-34,-2.64548149018299e-34,0.0800400227308273,0.0,0.0,1.36000001430511
0.0,0.0,0.0775387659668922,0.0,0.0,1.37999999523163,0.0,0.0,0.0775387659668922,0.0,0.0,1.37999999523163,0.0,0.0,0.0775387659668922,0.0,0.0,1.37999999523163,0.0,0.0,0.0775387659668922,0.0,0.0,1.37999999523163
-1.20370621524202e-35,1.71024211345695e-35,0.0750375166535378,0.0,0.0,1.39999997615814,-4.81482486096809e-35,6.38271047594314e-35,0.0750375166535378,0.0,0.0,1.39999997615814,1.20370621524202e-35,-1.71024211345695e-35,0.0750375166535378,0.0,0.0,1.39999997615814,9.62964972193618e-35,-6.38271047594314e-35,0.0750375166535378,0.0,0.0,1.39999997615814
-1.20370621524202e-35,1.67685158801168e-35,0.0725362673401833,0.0,0.0,1.41999995708466,-4.81482486096809e-35,6.25809544737525e-35,0.0725362673401833,0.0,0.0,1.41999995708466,2.40741243048404e-35,-1.67685158801168e-35,0.0725362673401833,0.0,0.0,1.41999995708466,4.81482486096809e-35,-6.25809544737525e-35,0.0725362673401833,0.0,0.0,1.41999995708466
-1.20370621524202e-35,1.64183241743924e-35,0.0700350180268288,0.0,0.0,1.44000005722046,-4.81482486096809e-35,6.12740205690541e-35,0.0700350180268288,0.0,0.0,1.44000005722046,2.40741243048404e-35,-1.64183241743924e-35,0.0700350180268288,0.0,0.0,1.44000005722046,4.81482486096809e-35,-6.12740205690541e-35,0.0700350180268288,0.0,0.0,1.44000005722046
-1.20370621524202e-35,1.60518431475369e-35,0.0675337687134743,0.0,0.0,1.46000003814697,-4.81482486096809e-35,5.99062915658991e-35,0.0675337687134743,0.0,0.0,1.46000003814697,1.20370621524202e-35,-1.60518431475369e-35,0.0675337687134743,0.0,0.0,1.46000003814697,4.81482486096809e-35,-5.99062915658991e-35,0.0675337687134743,0.0,0.0,1.46000003814697
0.0,0.0,0.0650325194001198,0.0,0.0,1.48000001907349,0.0,0.0,0.0650325194001198,0.0,0.0,1.48000001907349,0.0,-0.0,0.0650325194001198,0.0,0.0,1.48000001907349,0.0,-0.0,0.0650325194001198,0.0,0.0,1.48000001907349
-1.17963209093718e-33,9.72895787241655e-34,0.0625312626361847,0.0,0.0,1.5,-6.74075480535533e-34,4.72274232732543e-34,0.0625312626361847,0.0,0.0,1.5,1.17963209093718e-33,-9.72895787241655e-34,0.0625312626361847,0.0,0.0,1.5,1.92592994438724e-34,-4.72274232732543e-34,0.0625312626361847,0.0,0.0,1.5
-0.0,0.0,0.0600300133228302,0.0,0.0,1.51999998092651,-0.0,0.0,0.0600300133228302,0.0,0.0,1.51999998092651,-0.0,0.0,0.0600300133228302,0.0,0.0,1.51999998092651,-0.0,0.0,0.0600300133228302,0.0,0.0,1.51999998092651
-1.17963209093718e-33,9.1893251501525e-34,0.0575287640094757,0.0,0.0,1.53999996185303,-6.74075480535533e-34,4.46078754384201e-34,0.0575287640094757,0.0,0.0,1.53999996185303,1.17963209093718e-33,-9.1893251501525e-34,0.0575287640094757,0.0,0.0,1.53999996185303,1.92592994438724e-34,-4.46078754384201e-34,0.0575287640094757,0.0,0.0,1.53999996185303
-0.0,-0.0,0.0550275146961212,0.0,0.0,1.55999994277954,-0.0,0.0,0.0550275146961212,0.0,0.0,1.55999994277954,0.0,-0.0,0.0550275146961212,0.0,0.0,1.55999994277954,0.0,-0.0,0.0550275146961212,0.0,0.0,1.55999994277954
-1.20370621524202e-35,1.35109128111043e-35,0.0525262616574764,0.0,0.0,1.58000004291534,-4.81482486096809e-35,5.04234098900915e-35,0.0525262616574764,0.0,0.0,1.58000004291534,1.20370621524202e-35,-1.35109128111043e-35,0.0525262616574764,0.0,0.0,1.58000004291534,0.0,-5.04234098900915e-35,0.0525262616574764,0.0,0.0,1.58000004291534
-1.20370621524202e-35,1.30304151459094e-35,0.0500250123441219,0.0,0.0,1.60000002384186,0.0,4.86301725949255e-35,0.0500250123441219,0.0,0.0,1.60000002384186,1.20370621524202e-35,-1.30304151459094e-35,0.0500250123441219,0.0,0.0,1.60000002384186,4.81482486096809e-35,-4.86301725949255e-35,0.0500250123441219,0.0,0.0,1.60000002384186
-1.20370621524202e-35,1.25336310294428e-35,0.0475237630307674,0.0,0.0,1.62000000476837,0.0,4.67761488108806e-35,0.0475237630307674,0.0,0.0,1.62000000476837,1.20370621524202e-35,-1.25336310294428e-35,0.0475237630307674,0.0,0.0,1.62000000476837,4.81482486096809e-35,-4.67761488108806e-35,0.0475237630307674,0.0,0.0,1.62000000476837
-1.20370621524202e-35,1.20205583093099e-35,0.0450225099921227,0.0,0.0,1.63999998569489,-4.81482486096809e-35,4.48613356680977e-35,0.0450225099921227,0.0,0.0,1.63999998569489,-0.0,-1.20205583093099e-35,0.0450225099921227,0.0,0.0,1.63999998569489,2.40741243048404e-35,-4.48613356680977e-35,0.0450225099921227,0.0,0.0,1.63999998569489
-1.20370621524202e-35,1.14911977029756e-35,0.0425212606787682,0.0,0.0,1.6599999666214,-4.81482486096809e-35,4.28857331665767e-35,0.0425212606787682,0.0,0.0,1.6599999666214,6.01853107621011e-36,-1.14911977029756e-35,0.0425212606787682,0.0,0.0,1.6599999666214,4.81482486096809e-35,-4.28857331665767e-35,0.0425212606787682,0.0,0.0,1.6599999666214
-6.01853107621011e-36,1.094554921044e-35,0.0400200113654137,0.0,0.0,1.67999994754791,-2.40741243048404e-35,4.08493441761768e-35,0.0400200113654137,0.0,0.0,1.67999994754791,1.20370621524202e-35,-1.094554921044e-35,0.0400200113654137,0.0,0.0,1.67999994754791,4.81482486096809e-35,-4.08493441761768e-35,0.0400200113654137,0.0,0.0,1.67999994754791
-6.01853107621011e-36,1.03836121142381e-35,0.0375187583267689,0.0,0.0,1.70000004768372,-2.40741243048404e-35,3.87521686968981e-35,0.0375187583267689,0.0,0.0,1.70000004768372,1.20370621524202e-35,-1.03836121142381e-35,0.0375187583267689,0.0,0.0,1.70000004768372,2.40741243048404e-35,-3.87521686968981e-35,0.0375187583267689,0.0,0.0,1.70000004768372
-6.86112542687953e-34,6.24728824618738e-34,0.0350175090134144,0.0,0.0,1.72000002861023,-4.33334237487128e-34,3.03263032503757e-34,0.0350175090134144,0.0,0.0,1.72000002861023,6.86112542687953e-34,-6.24728824618738e-34,0.0350175090134144,0.0,0.0,1.72000002861023,9.62964972193618e-35,-3.03263032503757e-34,0.0350175090134144,0.0,0.0,1.72000002861023
-0.0,-0.0,0.0325162597000599,0.0,0.0,1.74000000953674,-0.0,-0.0,0.0325162597000599,0.0,0.0,1.74000000953674,-0.0,-0.0,0.0325162597000599,0.0,0.0,1.74000000953674,-0.0,-0.0,0.0325162597000599,0.0,0.0,1.74000000953674
0.0,0.0,0.0300150066614151,0.0,0.0,1.75999999046326,0.0,0.0,0.0300150066614151,0.0,0.0,1.75999999046326,0.0,0.0,0.0300150066614151,0.0,0.0,1.75999999046326,0.0,0.0,0.0300150066614151,0.0,0.0,1.75999999046326
-0.0,7.9729855848815e-36,0.0275137573480606,0.0,0.0,1.77999997138977,-2.40741243048404e-35,2.97555875416989e-35,0.0275137573480606,0.0,0.0,1.77999997138977,6.01853107621011e-36,-7.9729855848815e-36,0.0275137573480606,0.0,0.0,1.77999997138977,2.40741243048404e-35,-2.97555875416989e-35,0.0275137573480606,0.0,0.0,1.77999997138977
-1.20370621524202e-35,2.93184362306906e-35,0.025012506172061,0.0,0.0,1.79999995231628,-0.0,1.09417884033793e-34,0.025012506172061,0.0,0.0,1.79999995231628,2.40741243048404e-35,-2.93184362306906e-35,0.025012506172061,0.0,0.0,1.79999995231628,4.81482486096809e-35,-1.09417884033793e-34,0.025012506172061,0.0,0.0,1.79999995231628
-0.0,0.0,0.0225112549960613,0.0,0.0,1.82000005245209,-0.0,0.0,0.0225112549960613,0.0,0.0,1.82000005245209,-0.0,0.0,0.0225112549960613,0.0,0.0,1.82000005245209,-0.0,0.0,0.0225112549960613,0.0,0.0,1.82000005245209
-1.80555932286303e-35,2.39759650738142e-35,0.0200100056827068,0.0,0.0,1.8400000333786,-4.81482486096809e-35,8.94795196409616e-35,0.0200100056827068,0.0,0.0,1.8400000333786,1.20370621524202e-35,-2.39759650738142e-35,0.0200100056827068,0.0,0.0,1.8400000333786,2.40741243048404e-35,-8.94795196409616e-35,0.0200100056827068,0.0,0.0,1.8400000333786
-0.0,0.0,0.0175087545067072,0.0,0.0,1.86000001430511,-0.0,0.0,0.0175087545067072,0.0,0.0,1.86000001430511,-0.0,0.0,0.0175087545067072,0.0,0.0,1.86000001430511,-0.0,0.0,0.0175087545067072,0.0,0.0,1.86000001430511
-3.00926553810506e-36,4.59322157569646e-36,0.0150075033307076,0.0,0.0,1.87999999523163,-1.20370621524202e-35,1.7142135681869e-35,0.0150075033307076,0.0,0.0,1.87999999523163,3.00926553810506e-36,-4.59322157569646e-36,0.0150075033307076,0.0,0.0,1.87999999523163,1.20370621524202e-35,-1.7142135681869e-35,0.0150075033307076,0.0,0.0,1.87999999523163
0.0,-0.0,0.0125062530860305,0.0,0.0,1.89999997615814,0.0,-0.0,0.0125062530860305,0.0,0.0,1.89999997615814,0.0,-0.0,0.0125062530860305,0.0,0.0,1.89999997615814,0.0,-0.0,0.0125062530860305,0.0,0.0,1.89999997615814
-1.98611525514934e-34,1.99249070488137e-34,0.0100050028413534,0.0,0.0,1.91999995708466,-1.38426214752833e-34,9.67217644431954e-35,0.0100050028413534,0.0,0.0,1.91999995708466,2.01620791053039e-34,-1.99249070488137e-34,0.0100050028413534,0.0,0.0,1.91999995708466,4.81482486096809e-35,-9.67217644431954e-35,0.0100050028413534,0.0,0.0,1.91999995708466
-1.50463276905253e-36,2.36990681385312e-36,0.00750375166535378,0.0,0.0,1.94000005722046,-6.01853107621011e-36,8.84461278060771e-36,0.00750375166535378,0.0,0.0,1.94000005722046,0.0,-2.36990681385312e-36,0.00750375166535378,0.0,0.0,1.94000005722046,6.01853107621011e-36,-8.84461278060771e-36,0.00750375166535378,0.0,0.0,1.94000005722046
0.0,-0.0,0.00500250142067671,0.0,0.0,1.96000003814697,0.0,-0.0,0.00500250142067671,0.0,0.0,1.96000003814697,0.0,-0.0,0.00500250142067671,0.0,0.0,1.96000003814697,0.0,-0.0,0.00500250142067671,0.0,0.0,1.96000003814697
-7.37270056835739e-35,5.13688965010676e-35,0.00250125071033835,0.0,0.0,1.98000001907349,-3.61111864572607e-35,2.49360779224831e-35,0.00250125071033835,0.0,0.0,1.98000001907349,4.43866666870496e-35,-5.13688965010676e-35,0.00250125071033835,0.0,0.0,1.98000001907349,9.02779661431517e-36,-2.49360779224831e-35,0.00250125071033835,0.0,0.0,1.98000001907349
-0.0,-0.0,-0.0,0.0,0.0,2.0,-0.0,-0.0,-0.0,0.0,0.0,2.0,-0.0,-0.0,-0.0,0.0,0.0,2.0,-0.0,-0.0,-0.0,0.0,0.0,2.0
